<application>
  <component name="Trusted.Paths">
    <option name="TRUSTED_PROJECT_PATHS">
      <map>
        <entry key="C:\Users\anton\AppData\Local\Temp\Depuracion1 (1).zip7236201985949416714" value="true" />
        <entry key="C:\Users\anton\Downloads\Depuracion1" value="true" />
        <entry key="C:\Users\anton\IdeaProjects\Boletin_programacion" value="true" />
        <entry key="C:\Users\anton\IdeaProjects\HTML" value="true" />
        <entry key="C:\Users\anton\IdeaProjects\nuevo" value="true" />
      </map>
    </option>
  </component>
</application>