<application>
  <component name="DimensionService">
    <size key="GridCell.Tab.0.left.0.0.1920.1080" width="1838" height="298" />
    <size key="GridCell.Tab.0.center.0.0.1920.1080" width="1838" height="298" />
    <size key="GridCell.Tab.0.right.0.0.1920.1080" width="1838" height="298" />
    <size key="GridCell.Tab.0.bottom.0.0.1920.1080" width="1838" height="298" />
  </component>
  <component name="WindowManager">
    <frame x="260" y="20" width="1400" height="992" extendedState="6" />
  </component>
  <component name="WindowStateApplicationService">
    <state x="960" y="452" width="800" height="650" key="WELCOME_SCREEN" timestamp="1761121370193">
      <screen x="0" y="0" width="1920" height="1032" />
    </state>
    <state x="960" y="452" width="800" height="650" key="WELCOME_SCREEN/0.0.1920.1032" timestamp="1761121370193" />
    <state x="960" y="473" width="800" height="681" key="WELCOME_SCREEN/0.0.1920.1080" timestamp="1760466856879" />
  </component>
</application>